<?xml version="1.0" encoding="UTF-8"?><?xml-stylesheet type='text/xsl' href='_UpgradeReport_Files/UpgradeReport.xslt'?><UpgradeLog>
<Properties><Property Name="Solution" Value="Forums_cs">
</Property><Property Name="Solution File" Value="C:\My Folders\My Work\Projects\Forums_cs\Forums_cs.sln">
</Property><Property Name="User Options File" Value="C:\My Folders\My Work\Projects\Forums_cs\Forums_cs.suo">
</Property><Property Name="Date" Value="06 September 2009">
</Property><Property Name="Time" Value="12:11">
</Property></Properties><Event ErrorLevel="0" Project="" Source="Forums_cs.sln" Description="File successfully backed up as C:\My Folders\My Work\Projects\Forums_cs\Backup\Forums_cs.sln">
</Event><Event ErrorLevel="0" Project="" Source="Forums_cs.suo" Description="File successfully backed up as C:\My Folders\My Work\Projects\Forums_cs\Backup\Forums_cs.suo">
</Event><Event ErrorLevel="1" Project="Forums_cs" Source="http://localhost/Forums_cs/Forums_cs.csproj" Description="Warning: The project file is being backed up to a relative path that differs from the original solution relative path.  The difference in folder hierarchy may create problems in opening or building the backed up solution and project.">
</Event><Event ErrorLevel="2" Project="http://localhost/Forums_cs/Forums_cs.csproj" Source="http://localhost/Forums_cs/Forums_cs.csproj" Description="ERROR: Failed to back up Web site http://localhost/Forums_cs/Forums_cs.csproj">
</Event><Event ErrorLevel="0" Project="" Source="Forums_cs.sln" Description="Solution converted successfully">
</Event><Event ErrorLevel="3" Project="" Source="Forums_cs.sln" Description="Converted">
</Event></UpgradeLog>